-------CUSTOMER ---------------

set ansi_warnings off  /*To avoid error string or binary data would be truncated) */
insert into [customer] (CID,cname,email,phone,address,age,gender)VALUES(101,'Komal Jani', 'komal@gmail.com','6476844012', '25, Painted Post Drive, M1H2N7, Scarborough, Ontario',24,'female')
insert into [customer] (CID,cname,email,phone,address,age,gender)VALUES(102,'Ami Padia', 'Ami@gmail.com','4166845386', '3245, Lakewood cl, T5S2R8, Edmonton, Alberta',20,'female')
insert into [customer] (CID,cname,email,phone,address,age,gender)VALUES(103,'Jay Mehta', 'Jay@gmail.com','4166245353', '34, Bluefin Crescent, M1H2L1, Scarborugh, Ontario',null,'male')
insert into [customer] (CID,cname,email,phone,address,age,gender)VALUES(104,'Motika Kaur','Motika23@gmail.com','6479846210','320, Roncesvalles Ave, M6R2M7, Toronto, Ontario',32,'female')
insert into [customer] (CID,cname,email,phone,address,age,gender)VALUES(105,'Rifkin Smith','Rifkin@gmail.com','6478855432','2759, McKay Ave, N9E2P7, Windsor, Ontario', 43,null)
insert into [customer] (CID,cname,email,phone,address,age,gender)VALUES(106,'Axelrod Jones','Axelrod6@gmail.com','6473574912','10, Townhouse YUL, M1G2V5, Montreal, Quebec', 18,'male')
insert into [customer] (CID,cname,email,phone,address,age,gender)VALUES(107,'Jone Williams','Jone@gmail.com','6470203456','818, Mohawk Road West, L9C1X9, Hamilton, Ontario',null,'male')
insert into [customer] (CID,cname,email,phone,address,age,gender)VALUES(108,'Paul Thomas','Paul@gmail.com','6476673452','481, Ridout St N, N6A2P6, London, Ontario ',40,'male')
insert into [customer] (CID,cname,email,phone,address,age,gender)VALUES(109,'Nirisha Verma','Nirisha@gmail.com','6476662323','60 Milfoil Cres, N2E3L2, Kitchner,Ontario', 43,'female')
insert into [customer] (CID,cname,email,phone,address,age,gender)VALUES(110,'Michael Brown ','Michael@gmail.com','6479943821','449, Greenbrook Dr, N2M4K5, Kitchner, Ontario', 50,'male')
insert into [customer] (CID,cname,email,phone,address,age,gender)VALUES(111,'Joss Bijo','Joss@gmail.com','6473838252','786, Simcoe St Lakeview, L1H4K6, Oshawa, Ontario',48,'male')
insert into [customer] (CID,cname,email,phone,address,age,gender)VALUES(112,'Dan Davies','Dan@gmail.com','6472281223','1400, Rene-Levesque, H3G1TG, Montreal, Quebec', 15,'male')
insert into [customer] (CID,cname,email,phone,address,age,gender)VALUES(113,'Brishal Jones','Brishal@gmail.com','64785500311',' 1230, Bishop, H3G2E3, Montreal, Quebec', null,null)
insert into [customer] (CID,cname,email,phone,address,age,gender)VALUES(114,'Iti Karia','Iti@gmail.com','6473304818', '40, Waterfront Drive, B4A4J1, Bedford, Nova Scotia',35,'female')
insert into [customer] (CID,cname,email,phone,address,age,gender)VALUES(115,'Ninali Desai','Ninali@gmail.com','6474933934','A1, Riverbend Road, B2T1C4, Enfield, Nova Scotia ',37,'female')
insert into [customer] (CID,cname,email,phone,address,age,gender)VALUES(116,'Paul Mac','Paul@gmail.com','6476673452','190, Granite Cove Drive, Hubley, B3Z4N9, Nova Scotia',68,'male')
insert into [customer] (CID,cname,email,phone,address,age,gender)VALUES(117,'Nirisha Verma','Nirisha@gmail.com','6476662323','1107, MCLEAN DRIVE, V5L3N5, Vancouver, British Cloumbia', 53,'female')
insert into [customer] (CID,cname,email,phone,address,age,gender)VALUES(118,'Keerla Evans','Keerla@gmail.com','6470060450',' 843, E 22ND AVENUE, V5V1V8, Fraser, Vancouver, British Cloumbia', 26,'female')
insert into [customer] (CID,cname,email,phone,address,age,gender)VALUES(119,'Joseph Walker','Joseph@gmail.com','6475582391', '1026, CLARK DRIVE, V5L3J9, Victoria, British Columbia', 30, 'male')
insert into [customer] (CID,cname,email,phone,address,age,gender)VALUES(120,'Denilea Barker','Denilea@gmail.com','6470032560','1748, E 16TH AVENUE, V5N2G5, Vancouver, British Columbia', 58, null)
insert into [customer] (CID,cname,email,phone,address,age,gender)VALUES(121,'Vatika Jain','Vatika@gmail.com', '6473357528', ' 10, Kennedy St, R3C1S4, Winnipeg, Manitoba', null,'female')
insert into [customer] (CID,cname,email,phone,address,age,gender)VALUES(122,'Priyanka Gandhi', 'Priyanka@gmail.com','6476238012', '120, Bremner Blvd, M5J0A8 , Toronto, Ontario', 31,'female' )
insert into [customer] (CID,cname,email,phone,address,age,gender)VALUES(123,'Dhrumil Shah', 'Dhrumil@gmail.com','4122945386', '120, South Town Centre Boulevard, L6G1C3, Markham, Ontario',62,null)
insert into [customer] (CID,cname,email,phone,address,age,gender)VALUES(124,'Akshita Verma', 'Akshita@gmail.com','4166245473',' 705 Fountain Street, N3H4R7, Cambridge, Ontario', 44,'female')
insert into [customer] (CID,cname,email,phone,address,age,gender)VALUES(125,'Nishant Dhami','Nishant@gmail.com','6477536210', ' 10025, 102A Ave NW, T5J0Y2, Edmonton, Alberta ', 19,'male')
insert into [customer] (CID,cname,email,phone,address,age,gender)VALUES(126,'Isha Joshi','Isha@gmail.com','6474355489', '600, 3 Ave SW, T2P0G5, Calgary, Alberta ', 26,'female')
insert into [customer] (CID,cname,email,phone,address,age,gender)VALUES(127,'Surjeet Virdee','Surjeet@gmail.com','4168674915','1167, Kensington Cres, Calgary, Alberta', 33,'male')
insert into [customer] (CID,cname,email,phone,address,age,gender)VALUES(128,'Noor Kaur','Noor@gmail.com','4160204778','1440, Jack Blick Avenue, R3G0L4, Winnipeg, Manitoba', 23,'female')
insert into [customer] (CID,cname,email,phone,address,age,gender)VALUES(129,'Nirali Limbachia','Nirali@gmail.com','4163968452',' 29, Duke Street, E2L1M9, Saint John, New Brunswick', 34, 'female')
insert into [customer] (CID,cname,email,phone,address,age,gender)VALUES(130,'Om Shekhar','Om@gmail.com','6478862331', '22, Marr Road, E2E2R5, Rothesay, New Brunswick', 39,'male')
insert into [customer] (CID,cname,email,phone,address,age,gender)VALUES(131,'Disha Nakum','Disha@gmail.com','4169945571', '1969, Upper Water St, B3J3R7, Halifax, Nova Scotia', 21, 'female')
insert into [customer] (CID,cname,email,phone,address,age,gender)VALUES(132,'Tony Christopher','Tony@gmail.com','4163834282', '6380, Lady Hammond Road,  B3K2S3, Halifax, Nova Scotia',27,'male')
insert into [customer] (CID,cname,email,phone,address,age,gender)VALUES(133,'Priyanka Gandhi','Priyanka@gmail.com','6472255244', '2375, Skymark Avenue, L4W4Y6, Mississauga, Ontario',23,'female')
insert into [customer] (CID,cname,email,phone,address,age,gender)VALUES(134,'Gopika Patel','Gopika@gmail.com','6474739474', ' 1256, Winter Ave, L1H1T5, Oshawa, Ontario', 45,'female')
insert into [customer] (CID,cname,email,phone,address,age,gender)VALUES(135,'Krishna Kamani','Krishna@gmail.com','4164458323', '162, Hibbert Ave,  L1J1V1, Ontario', 37, 'female')
insert into [customer] (CID,cname,email,phone,address,age,gender)VALUES(136,'Nia Joi','Nia@gmail.com','6478033938', ' 538, Enniskillen Avenue, R2V0J4 ,Winnipeg, Manitoba', 24, 'female')
insert into [customer] (CID,cname,email,phone,address,age,gender)VALUES(137,'Aaron Shek','Aaron@gmail.com','6478873452',' 40, Goodman drive, R2G0J4, Winnipeg, Manitoba', 22,'male')
insert into [customer] (CID,cname,email,phone,address,age,gender)VALUES(138,'Nirisha Verma','Nirisha@gmail.com','4166664923', '54, Elfreda Blvd, M1L4L8, Toronto,Ontario', 29,'female')
insert into [customer] (CID,cname,email,phone,address,age,gender)VALUES(139,'Keerla Evans','Keerla@gmail.com','6470050385', '1266, Mowat Ln, L9T6C1, Milton, Ontario',47,'female')
insert into [customer] (CID,cname,email,phone,address,age,gender)VALUES(140,'Joseph Walker','Joseph@gmail.com','6475294291','2, Zecca Dr,N1L1T1, Guelph, Ontario',40,'Male' )
insert into [customer] (CID,cname,email,phone,address,age,gender)VALUES(141,'Denilea Barker','Denilea@gmail.com','4160038340', ' 42, Mountland Drive, M1H2N5, Scarborough, Ontario',35,'female')
insert into [customer] (CID,cname,email,phone,address,age,gender)VALUES(142,'Vatika Jain','Vatika@gmail.com', '6473351128', '10, Gander Drive, M1H2L3, Scarborough, Ontario', 20,'female')
set ansi_warnings on

select * from customer

-------ORDER ---------------

insert into [order] (OID,odate,CID, status, order_no,total_amount)VALUES(201,'2020-01-15',108,'Failed',' A6',null)
insert into [order] (OID,odate,CID, status, order_no,total_amount)VALUES(202,'2022-03-20',109,'Completed',' B6',1705.70)
insert into [order] (OID,odate,CID, status, order_no,total_amount)VALUES(204,'2020-12-20',110,'Failed',' C6',3010.00)
insert into [order] (OID,odate,CID, status, order_no,total_amount)VALUES(205,'2020-01-15',105,'Failed',' D6',null)
insert into [order] (OID,odate,CID, status, order_no,total_amount)VALUES(206,'2020-03-20',103,'Processing',' A6',372.00)
insert into [order] (OID,odate,CID, status, order_no,total_amount)VALUES(207,'2020-04-25',104,'Completed',' B6',6275.28)
insert into [order] (OID,odate,CID, status, order_no,total_amount)VALUES(208,'2020-01-28',107,'Completed',' E6',3000.00)
insert into [order] (OID,odate,CID, status, order_no,total_amount)VALUES(209,'2020-03-20',114,'Failed',' F6',1088.82)
insert into [order] (OID,odate,CID, status, order_no,total_amount)VALUES(210,'2020-05-16',108,'Processing',' G6',8402.80)
insert into [order] (OID,odate,CID, status, order_no,total_amount)VALUES(211,'2020-06-04',108,'Failed',' A6',null)
insert into [order] (OID,odate,CID, status, order_no,total_amount)VALUES(212,'2020-07-21',107,'Completed',' B6',null)
insert into [order] (OID,odate,CID, status, order_no,total_amount)VALUES(213,'2020-07-15',110,'Failed',' A6',null)
insert into [order] (OID,odate,CID, status, order_no,total_amount)VALUES(214,'2020-08-05',102,'Failed',' A6',12283.50)
insert into [order] (OID,odate,CID, status, order_no,total_amount)VALUES(215,'2020-08-10',101,'Completed',' C6',2552.00)
insert into [order] (OID,odate,CID, status, order_no,total_amount)VALUES(216,'2020-09-01',115,'Completed',' G6',null)
insert into [order] (OID,odate,CID, status, order_no,total_amount)VALUES(219,'2020-11-20',110,'Completed',' J6',null)
insert into [order] (OID,odate,CID, status, order_no,total_amount)VALUES(220,'2021-12-20',108,'Failed',' A6',null)
insert into [order] (OID,odate,CID, status, order_no,total_amount)VALUES(221,'2021-01-15',103,'Failed',' B6',null)
insert into [order] (OID,odate,CID, status, order_no,total_amount)VALUES(223,'2022-12-06',108,'Completed',' D6',2682.00)
insert into [order] (OID,odate,CID, status, order_no,total_amount)VALUES(224,'2021-11-28',121,'Completed',' K6',1984.00)
insert into [order] (OID,odate,CID, status, order_no,total_amount)VALUES(225,'2021-03-20',125,'Failed',' L6',null)
insert into [order] (OID,odate,CID, status, order_no,total_amount)VALUES(226,'2021-04-10',125,'Processing',' M6',16397.00)
insert into [order] (OID,odate,CID, status, order_no,total_amount)VALUES(227,'2021-03-08',127,'Completed',' N6',null)
insert into [order] (OID,odate,CID, status, order_no,total_amount)VALUES(230,'2021-06-18',130,'Failed',' Q6',1512.25)
insert into [order] (OID,odate,CID, status, order_no,total_amount)VALUES(231,'2021-07-24',131,'Completed',' L6',null)
insert into [order] (OID,odate,CID, status, order_no,total_amount)VALUES(233,'2021-08-30',140,'Completed',' A6',null)
insert into [order] (OID,odate,CID, status, order_no,total_amount)VALUES(234,'2021-09-26',138,'Failed',' A6',3752.10)
insert into [order] (OID,odate,CID, status, order_no,total_amount)VALUES(235,'2021-10-30',135,'Completed',' C6',null)
insert into [order] (OID,odate,CID, status, order_no,total_amount)VALUES(237,'2022-12-31',108,'Completed',' S6',1500.00)
insert into [order] (OID,odate,CID, status, order_no,total_amount)VALUES(238,'2022-01-15',104,'Failed',' T6',null)
insert into [order] (OID,odate,CID, status, order_no,total_amount)VALUES(239,'2022-02-16',102,'Failed',' D6',null)
insert into [order] (OID,odate,CID, status, order_no,total_amount)VALUES(240,'2020-01-18',101,'Completed',' U6',null)
insert into [order] (OID,odate,CID, status, order_no,total_amount)VALUES(241,'2022-04-29',115,'OnHold',' V6',8355.30)
insert into [order] (OID,odate,CID, status, order_no,total_amount)VALUES(242,'2022-05-27',125,'Completed',' T6',1418.28)
insert into [order] (OID,odate,CID, status, order_no,total_amount)VALUES(243,'2022-06-18',130,'Failed',' D6',null)
insert into [order] (OID,odate,CID, status, order_no,total_amount)VALUES(244,'2022-06-28',142,'Processing',' C6',455.00)
insert into [order] (OID,odate,CID, status, order_no,total_amount)VALUES(245,'2022-07-03',108,'Failed',' A6',1289.28)
insert into [order] (OID,odate,CID, status, order_no,total_amount)VALUES(246,'2022-08-10',108,'Completed',' G6',null)
insert into [order] (OID,odate,CID, status, order_no,total_amount)VALUES(247,'2022-09-10',105,'Completed',' W6',907.35)
insert into [order] (OID,odate,CID, status, order_no,total_amount)VALUES(248,'2022-09-01',109,'Completed',' X6',2824.82)
insert into [order] (OID,odate,CID, status, order_no,total_amount)VALUES(249,'2022-10-22',110,'Completed',' A6',null)
insert into [order] (OID,odate,CID, status, order_no,total_amount)VALUES(250,'2021-01-11',110,'Completed',' X6',1731.00)
insert into [order] (OID,odate,CID, status, order_no,total_amount)VALUES(251,'2022-11-19',115,'Failed',' Y6',null)

select * from [order]

delete from [order] 

------------PRODUCT CATEGORY-------------

insert into [product_category] (categoryID ,category_name)VALUES(301, 'Traditional Wear')
insert into [product_category] (categoryID ,category_name)VALUES(302, 'Formal Wear')
insert into [product_category] (categoryID ,category_name)VALUES(303, 'Traditional Wear')
insert into [product_category] (categoryID ,category_name)VALUES(304, 'Casual Wear')
insert into [product_category] (categoryID ,category_name)VALUES(305, 'Formal Wear')
insert into [product_category] (categoryID ,category_name)VALUES(306, 'Traditional Wear')
insert into [product_category] (categoryID ,category_name)VALUES(307, 'Sports Wear')
insert into [product_category] (categoryID ,category_name)VALUES(308, 'Traditional Wear')
insert into [product_category] (categoryID ,category_name)VALUES(309, 'Traditional Wear')
insert into [product_category] (categoryID ,category_name)VALUES(310, 'Sports Wear')
insert into [product_category] (categoryID ,category_name)VALUES(311, 'Formal Wear')
insert into [product_category] (categoryID ,category_name)VALUES(312, 'Casual Wear')
insert into [product_category] (categoryID ,category_name)VALUES(313, 'Sports Wear')
insert into [product_category] (categoryID ,category_name)VALUES(314, 'Sports Wear')
insert into [product_category] (categoryID ,category_name)VALUES(315, 'Formal Wear')
insert into [product_category] (categoryID ,category_name)VALUES(316, 'Formal Wear')
insert into [product_category] (categoryID ,category_name)VALUES(317, 'Traditional Wear')
insert into [product_category] (categoryID ,category_name)VALUES(318, 'Sports Wear')
insert into [product_category] (categoryID ,category_name)VALUES(319, 'Traditional Wear')
insert into [product_category] (categoryID ,category_name)VALUES(320, 'Traditional Wear')
insert into [product_category] (categoryID ,category_name)VALUES(321, 'Formal Wear')
insert into [product_category] (categoryID ,category_name)VALUES(322, 'Traditional Wear')
insert into [product_category] (categoryID ,category_name)VALUES(323, 'Traditional Wear')
insert into [product_category] (categoryID ,category_name)VALUES(324, 'Formal Wear')
insert into [product_category] (categoryID ,category_name)VALUES(325, 'Formal Wear')
insert into [product_category] (categoryID ,category_name)VALUES(326, 'Casual Wear')
insert into [product_category] (categoryID ,category_name)VALUES(327, 'Traditional Wear')
insert into [product_category] (categoryID ,category_name)VALUES(328, 'Formal Wear')
insert into [product_category] (categoryID ,category_name)VALUES(329, 'Traditional Wear')
insert into [product_category] (categoryID ,category_name)VALUES(330, 'Sports Wear')
insert into [product_category] (categoryID ,category_name)VALUES(331, 'Formal Wear')
insert into [product_category] (categoryID ,category_name)VALUES(332, 'Traditional Wear')
insert into [product_category] (categoryID ,category_name)VALUES(333, 'Formal Wear')
insert into [product_category] (categoryID ,category_name)VALUES(334, 'Traditional Wear')
insert into [product_category] (categoryID ,category_name)VALUES(335, 'Casual Wear')
insert into [product_category] (categoryID ,category_name)VALUES(336, 'Formal Wear')
insert into [product_category] (categoryID ,category_name)VALUES(337, 'Sports Wear')
insert into [product_category] (categoryID ,category_name)VALUES(338, 'Casual Wear')
insert into [product_category] (categoryID ,category_name)VALUES(339, 'Traditional Wear')
insert into [product_category] (categoryID ,category_name)VALUES(340, 'Formal Wear')
insert into [product_category] (categoryID ,category_name)VALUES(341, 'Traditional Wear')
insert into [product_category] (categoryID ,category_name)VALUES(342, 'Formal Wear')
insert into [product_category] (categoryID ,category_name)VALUES(343, 'Formal Wear')

select * from [product_category]

---------DISTRIBUTOR ------------------

set ansi_warnings off  /*To avoid error string or binary data would be truncated) */
insert into [distributor] (DID,dname,email,phone,address,age,gender)VALUES(401,'Pranav Mukharji','pranav@gmail.com','6473642211',' 1464,Adelaide St,M5H1P6,Toronto,Ontario',25,'male' )
insert into [distributor] (DID,dname,email,phone,address,age,gender)VALUES(402,'Sweta Mungra','sweta@gmail.com','4168563429','65,Summerfield Blvd,T4B2C2,Airdrie,Alberta',58,'female')
insert into [distributor] (DID,dname,email,phone,address,age,gender)VALUES(403,'Vatika Jain','Vatika@gmail.com','6473950110','1508,Tolmie St,V6B5A1,Vancouver,British Columbia',28,'female')
insert into [distributor] (DID,dname,email,phone,address,age,gender)VALUES(404,'Priyanka Gandhi','Priyanka@gmail.com','4165577339','1340,Gorham Street,N0N0N0,London,Ontario',31,'female')
insert into [distributor] (DID,dname,email,phone,address,age,gender)VALUES(405,'Noah Smith','Noah@gmail.com','6475520149','3334,Cassells St,P1B2Y7,NorthBay,Ontario',null,null)
insert into [distributor] (DID,dname,email,phone,address,age,gender)VALUES(406,'Olivia Jones','Olivia@gmail.com','6473581012','3953,Grey Rd,N0C1B0,Dundalk,Ontario',null,'female')
insert into [distributor] (DID,dname,email,phone,address,age,gender)VALUES(407,'Emily Brown','emily@gmail.com','4163965419','2937,Main St,S0E0A0,Arborfield,Saskatchewan', 45,'female')
insert into [distributor] (DID,dname,email,phone,address,age,gender)VALUES(408,'Harry 	Taylor','Harry@gmail.com','6472349102','2950,Russell Avenue,V4X1J7,Langley,British Columbia',39,'male')
insert into [distributor] (DID,dname,email,phone,address,age,gender)VALUES(409,'George Davies','George@gmail.com','6473388456','3628,Sherbrooke Ouest,H4A1H3,Montreal,Quebec', 57,'male')
insert into [distributor] (DID,dname,email,phone,address,age,gender)VALUES(410,'Isha Joshi','Isha@gmail.com','6473982015','6380,Lady Hammond Road,B3K2S3,Halifax,Nova Scotia',30,null )
insert into [distributor] (DID,dname,email,phone,address,age,gender)VALUES(411,'Gopika Patel','gopika@gmail,com','41673923549','34,Bluefin Crescent,M1H2L1,Scarborugh,Ontario',null,'female')
insert into [distributor] (DID,dname,email,phone,address,age,gender)VALUES(412,'Charlie Evans','Charlie@gmail.com','64734562910','4342,Dufferin Street,M6H4B6,Toronto,Ontario',29,'male')
insert into [distributor] (DID,dname,email,phone,address,age,gender)VALUES(413,'Lily Roberts','Lily@gmail.com','4167584290','2411,2nd Street,R0A0Y0,Lorette,Manitoba',17,'female')
insert into [distributor] (DID,dname,email,phone,address,age,gender)VALUES(414,'Isla Martin','Isla@gmail.com','6478360421','34,Bluefin Crescent,M1H2L1,Scarborugh,Ontario',42,'female')
insert into [distributor] (DID,dname,email,phone,address,age,gender)VALUES(415,'Sophie Singh','Sophie@gmail.com','6475679530','956,Pitt St,K6J3R2,Cornwall,Ontario',35,'female')
insert into [distributor] (DID,dname,email,phone,address,age,gender)VALUES(416,'Lauren Wang','Lauren57@gmail.com ','64797935120','2990,11th Ave,T2P1M6,Calgary,Alberta',null,'female')
insert into [distributor] (DID,dname,email,phone,address,age,gender)VALUES(417,'Rhys Murphy','Rhys@gmail.com','4167738341','3611,Robson St,V6B3K9,Vancouver,British Columbia',52,'male')
insert into [distributor] (DID,dname,email,phone,address,age,gender)VALUES(418,'Liam Walsh','Liam@gmail.com','6470104832','500,Davis Drive,L3V1T4,Orillia,Ontario',63,'male')
insert into [distributor] (DID,dname,email,phone,address,age,gender)VALUES(419,'Mia Byrne','Mia2@gmail.com','6470535286','3440,Yonge Street,M4W1J7,Toronto,Ontario',46,'female')
insert into [distributor] (DID,dname,email,phone,address,age,gender)VALUES(420,'Margaret Garcia','Margaret@gmail.com','2464026601','2101,Brand Road,S7K1W8,Assiniboia,Saskatchewan',null,'female')
insert into [distributor] (DID,dname,email,phone,address,age,gender)VALUES(421,'Mason Sullivan','Mason@gmail.com','6475592010','818, Mohawk Road West, L9C1X9, Hamilton, Ontario',null,'male')
insert into [distributor] (DID,dname,email,phone,address,age,gender)VALUES(422,'Ethan Rodriguez','Ethan@gmail.com','9053201956','2751,Rose Street,S4P3Y2,Regina,Saskatchewan',37,'male')
insert into [distributor] (DID,dname,email,phone,address,age,gender)VALUES(423,'Mary Li','Mary@gmail.com','9052947747','1126, Maria St,L7R2G6,Burlington,Ontario',28,'female')
insert into [distributor] (DID,dname,email,phone,address,age,gender)VALUES(424,'Rohan Rathod','Rohan@gmail.com','2467497481','3722,Lauzon Parkway,N8Y4V1,Windsor,Ontario',51,'male')
insert into [distributor] (DID,dname,email,phone,address,age,gender)VALUES(425,'Ritika Joshi','Ritika@gmail.com','2468753102','1621,rue Ontario Ouest,H2X1Y8,Montreal,Quebec',25,'female')
insert into [distributor] (DID,dname,email,phone,address,age,gender)VALUES(426,'Shyam Dhupala','Shyam@gmail.com','6478631259 ','2411,2nd Street,R0A0Y0,Lorette, Manitoba',57,'male')
insert into [distributor] (DID,dname,email,phone,address,age,gender)VALUES(427,'Grishma Dora','Grishma@gmail.com','6479621740 ','4863,Bay Street,M5J2R8,Toronto,Ontario',34,'female')
insert into [distributor] (DID,dname,email,phone,address,age,gender)VALUES(428,'Shantnu Vora','Shantnu@gmail.com','7804458689 ','969, A Avenue,T5J0K7,Edmonton,Alberta',21,'male')
insert into [distributor] (DID,dname,email,phone,address,age,gender)VALUES(429,'Krishna Sudhani','Krishna@gmail.com','9053934730','4486,Boulevard Cremazie,Quebec,Quebec',60,'female')
insert into [distributor] (DID,dname,email,phone,address,age,gender)VALUES(430,'Joe Martin','Joe@gmail.com','2467719230 ','4821,Albert Street,N5H1L2,Aylmer,Ontario',null,'male')
insert into [distributor] (DID,dname,email,phone,address,age,gender)VALUES(431,'Richard Dron','Richard@gmail.com','6478325860 ','2101,Brand Road,S7K1W8,Assiniboia,Saskatchewan',50,'male')
insert into [distributor] (DID,dname,email,phone,address,age,gender)VALUES(432,'Connor Miller','Connor@gmail.com','2145023410 ','3953,Grey Rd,N0C1B0,Dundalk,Ontario',31,'male')
insert into [distributor] (DID,dname,email,phone,address,age,gender)VALUES(433,'Poppy Jam','Poppy@gmail.com','6478321080','838,St Marys Rd,R3C0C4,Winnipeg,Manitoba',33,'female')
insert into [distributor] (DID,dname,email,phone,address,age,gender)VALUES(434,'Barbara Mero','Barbara@gmail.com','9021903820','2411,2nd Street,R0A0Y0,Lorette, Manitoba',24,'female')
insert into [distributor] (DID,dname,email,phone,address,age,gender)VALUES(435,'Ethan Vyash','Ethan@gmail.com','2463021029','2789,Joseph St,N2H3W5,Kitchener,Ontario',null,'male')
insert into [distributor] (DID,dname,email,phone,address,age,gender)VALUES(436,'Denilea Barker','Denilea@gmail.com','6473371490','1880,Heritage Drive,T2V2W2,Calgary,Alberta',null,null)
insert into [distributor] (DID,dname,email,phone,address,age,gender)VALUES(437,'Noor Kaur','Noor55@gmail.com','64798096510','3902,Haaglund Rd,V0H1Z0,Summerland,British Columbia',41,'female')
insert into [distributor] (DID,dname,email,phone,address,age,gender)VALUES(438,'Mary Li','Mary12@gmail.com','6478302291','4521,St. Paul Street,L2S3A1,St Catharines,Ontario',20,'female')
insert into [distributor] (DID,dname,email,phone,address,age,gender)VALUES(439,'Clover Raynott','Clover@gmail.com','2460201178 ','1508,Tolmie St,V6B5A1,Vancouver,British Columbia',53,'male')
insert into [distributor] (DID,dname,email,phone,address,age,gender)VALUES(440,'Araminta Southwark','Araminta@gmail.com','6479401240','3307,Dundas St,N6B3L5,London,Ontario',28,'male')
insert into [distributor] (DID,dname,email,phone,address,age,gender)VALUES(441,'Emily Brown','emily1@gmail.com','2149904020','1092,90th Avenue,T0J1W0,Jenner,Alberta',null,null)
insert into [distributor] (DID,dname,email,phone,address,age,gender)VALUES(442,'Om Shekhar','Om3@gmail.com','9052294030','3674,Kennedy Lane,C0A1H2,Rocky Point,Prince Edward Island',39,null)
insert into [distributor] (DID,dname,email,phone,address,age,gender)VALUES(443,'Joss Bijo','Joss7@gmail.com','6478651350','4901,Sable Street,P0P2A0,Spanish,Ontario',48,'male')
set ansi_warnings on

select * from [distributor]

---------PRODUCT ------------------

insert into [product] (PID,pname,description,price,DID,categoryID)VALUES(501,'shirt','formal white shirt',35.30,401,302)
insert into [product] (PID,pname,description,price,DID,categoryID)VALUES(502,'Kurta','kachi work kurta',80.99,404,308 )
insert into [product] (PID,pname,description,price,DID,categoryID)VALUES(503,'Kurta','kachi work kurta',80.99,404,308)
insert into [product] (PID,pname,description,price,DID,categoryID)VALUES(504,'Jeans','denim jeans',45.50,426,326)
insert into [product] (PID,pname,description,price,DID,categoryID)VALUES(505,'T-shirt','cotton T-shirt',24.80,406,312)
insert into [product] (PID,pname,description,price,DID,categoryID)VALUES(506,'cargo','brown wide leg cargo',55.00,431,304)
insert into [product] (PID,pname,description,price,DID,categoryID)VALUES(507,'tracksuit','trouser & jacket pair with front zipper',120.48,417,330)
insert into [product] (PID,pname,description,price,DID,categoryID)VALUES(508,'suit','formal women suit',1000.59,420,340)
insert into [product] (PID,pname,description,price,DID,categoryID)VALUES(509,'saree','banarasi saree',1500.00,402,306)
insert into [product] (PID,pname,description,price,DID,categoryID)VALUES(510,'gymsuits','daily fitness suit',510.40,435,307)
insert into [product] (PID,pname,description,price,DID,categoryID)VALUES(511,'hoodies','a sweater with hood for men"s',68.30,428,338)
insert into [product] (PID,pname,description,price,DID,categoryID)VALUES(512,'blazer','formal blazer for men',670.50,440,316)
insert into [product] (PID,pname,description,price,DID,categoryID)VALUES(513,'Pant','formal black men pants',100.00,412,305)
insert into [product] (PID,pname,description,price,DID,categoryID)VALUES(514,'cargo','brown wide leg cargo',55.00,431,304)
insert into [product] (PID,pname,description,price,DID,categoryID)VALUES(515,'hoodies','women pink hoodies',60.49,438,338)
insert into [product] (PID,pname,description,price,DID,categoryID)VALUES(516,'saree','banarasi saree',1500.00,402,306)
insert into [product] (PID,pname,description,price,DID,categoryID)VALUES(517,'jeans','denim jeans',40.29,433,326)
insert into [product] (PID,pname,description,price,DID,categoryID)VALUES(518,'suit','formal men suit',1250.70,430,340)
insert into [product] (PID,pname,description,price,DID,categoryID)VALUES(519,'skirt','formal girls skirt',150.44,403,333)
insert into [product] (PID,pname,description,price,DID,categoryID)VALUES(520,'frock','floral printed frock',25.30,416,315)
insert into [product] (PID,pname,description,price,DID,categoryID)VALUES(521,'salwar kameez','radiant salwar & kameez',700.40,415,316)
insert into [product] (PID,pname,description,price,DID,categoryID)VALUES(522,'shorts','summer women"s shorts',10.00,425,335)
insert into [product] (PID,pname,description,price,DID,categoryID)VALUES(523,'blazer','formal blazer for men',670.50,440,316)
insert into [product] (PID,pname,description,price,DID,categoryID)VALUES(524,'jeans','denim jeans',45.50,426,326)
insert into [product] (PID,pname,description,price,DID,categoryID)VALUES(525,'T-shirt','cotton T-shirt',24.80,408,312)
insert into [product] (PID,pname,description,price,DID,categoryID)VALUES(526,'saree','banarasi saree',1500.00,402,306)
insert into [product] (PID,pname,description,price,DID,categoryID)VALUES(527,'T-shirt','cotton T-shirt',24.80,406,312)
insert into [product] (PID,pname,description,price,DID,categoryID)VALUES(528,'Jeans','denim jeans',40.29,433,326)
insert into [product] (PID,pname,description,price,DID,categoryID)VALUES(529,'jersyes','men white sports jersey',70.56,443,310)
insert into [product] (PID,pname,description,price,DID,categoryID)VALUES(530,'jeans','denim jeans',45.50,426,326)
insert into [product] (PID,pname,description,price,DID,categoryID)VALUES(531,'jeans','denim jeans',45.50,426,326)
insert into [product] (PID,pname,description,price,DID,categoryID)VALUES(532,'dress','long vintage dress',1800.20,407,336)
insert into [product] (PID,pname,description,price,DID,categoryID)VALUES(533,'choli','maroon designer choli',4050.05,434,327)
insert into [product] (PID,pname,description,price,DID,categoryID)VALUES(534,'T-shirt','cotton T-shirt',24.80,406,312)
insert into [product] (PID,pname,description,price,DID,categoryID)VALUES(535,'hoodies','a sweater with hood for men"s',68.30,428,338)
insert into [product] (PID,pname,description,price,DID,categoryID)VALUES(536,'T-shirt','cotton T-shirt',24.80,408,312)
insert into [product] (PID,pname,description,price,DID,categoryID)VALUES(537,'running vest','extremly lightweight running vest',30.00,429,318)
insert into [product] (PID,pname,description,price,DID,categoryID)VALUES(538,'pant','formal black men pants',100.00,412,305)
insert into [product] (PID,pname,description,price,DID,categoryID)VALUES(539,'T-shirt','cotton T-shirt',24.80,406,312)
insert into [product] (PID,pname,description,price,DID,categoryID)VALUES(540,'Shirt','formal white shirt',35.30,401,302)
insert into [product] (PID,pname,description,price,DID,categoryID)VALUES(541,'Scarf','colorful women scarf',15.05,427,341)
insert into [product] (PID,pname,description,price,DID,categoryID)VALUES(542,'dhoti','khadi men dhoti',499.99,424,320)
insert into [product] (PID,pname,description,price,DID,categoryID)VALUES(543,'T-shirt','cotton T-shirt',24.80,406,312)

select * from product

-----------INVENTORY---------------------
insert into [inventory] (inventoryID,PID,quantity)VALUES(601,502,60)
insert into [inventory] (inventoryID,PID,quantity)VALUES(602,504,200)
insert into [inventory] (inventoryID,PID,quantity)VALUES(603,506,50)
insert into [inventory] (inventoryID,PID,quantity)VALUES(604,502,60)
insert into [inventory] (inventoryID,PID,quantity)VALUES(605,515,100)
insert into [inventory] (inventoryID,PID,quantity)VALUES(606,518,40)
insert into [inventory] (inventoryID,PID,quantity)VALUES(607,515,100)
insert into [inventory] (inventoryID,PID,quantity)VALUES(608,515,100)
insert into [inventory] (inventoryID,PID,quantity)VALUES(609,520,65)
insert into [inventory] (inventoryID,PID,quantity)VALUES(610,521,10)
insert into [inventory] (inventoryID,PID,quantity)VALUES(611,534,150)
insert into [inventory] (inventoryID,PID,quantity)VALUES(612,540,72)
insert into [inventory] (inventoryID,PID,quantity)VALUES(613,523,30)
insert into [inventory] (inventoryID,PID,quantity)VALUES(614,520,65)
insert into [inventory] (inventoryID,PID,quantity)VALUES(615,510,80)
insert into [inventory] (inventoryID,PID,quantity)VALUES(616,538,26)
insert into [inventory] (inventoryID,PID,quantity)VALUES(617,527,150)
insert into [inventory] (inventoryID,PID,quantity)VALUES(618,520,65)
insert into [inventory] (inventoryID,PID,quantity)VALUES(619,520,65)
insert into [inventory] (inventoryID,PID,quantity)VALUES(620,527,150)
insert into [inventory] (inventoryID,PID,quantity)VALUES(621,534,150)
insert into [inventory] (inventoryID,PID,quantity)VALUES(622,534,150)
insert into [inventory] (inventoryID,PID,quantity)VALUES(623,507,5)
insert into [inventory] (inventoryID,PID,quantity)VALUES(624,509,16)
insert into [inventory] (inventoryID,PID,quantity)VALUES(625,527,150)
insert into [inventory] (inventoryID,PID,quantity)VALUES(626,504,200)
insert into [inventory] (inventoryID,PID,quantity)VALUES(627,505,150)
insert into [inventory] (inventoryID,PID,quantity)VALUES(628,517,72)
insert into [inventory] (inventoryID,PID,quantity)VALUES(629,515,100)
insert into [inventory] (inventoryID,PID,quantity)VALUES(630,518,25)
insert into [inventory] (inventoryID,PID,quantity)VALUES(631,530,20)
insert into [inventory] (inventoryID,PID,quantity)VALUES(632,531,20)
insert into [inventory] (inventoryID,PID,quantity)VALUES(633,539,150)
insert into [inventory] (inventoryID,PID,quantity)VALUES(634,510,80)
insert into [inventory] (inventoryID,PID,quantity)VALUES(635,512,30)
insert into [inventory] (inventoryID,PID,quantity)VALUES(636,510,80)
insert into [inventory] (inventoryID,PID,quantity)VALUES(637,520,65)
insert into [inventory] (inventoryID,PID,quantity)VALUES(638,526,16)
insert into [inventory] (inventoryID,PID,quantity)VALUES(639,541,256)
insert into [inventory] (inventoryID,PID,quantity)VALUES(640,522,132)
insert into [inventory] (inventoryID,PID,quantity)VALUES(641,523,30)
insert into [inventory] (inventoryID,PID,quantity)VALUES(642,526,16)
insert into [inventory] (inventoryID,PID,quantity)VALUES(643,523,30)

select * from inventory

------------ORDER ITEM---------------

insert into [order_item] (order_itemID,order_item_quantity,price,OID,PID)VALUES(701,30,1359.00,250,504)
insert into [order_item] (order_itemID,order_item_quantity,price,OID,PID)VALUES(702,1,1500.00,237,526)
insert into [order_item] (order_itemID,order_item_quantity,price,OID,PID)VALUES(703,4,2682.00,223,512)
insert into [order_item] (order_itemID,order_item_quantity,price,OID,PID)VALUES(704,12,725.88,248,515)
insert into [order_item] (order_itemID,order_item_quantity,price,OID,PID)VALUES(705,20,496.00,226,527)
insert into [order_item] (order_itemID,order_item_quantity,price,OID,PID)VALUES(706,16,880.00,207,506)
insert into [order_item] (order_itemID,order_item_quantity,price,OID,PID)VALUES(707,12,971.88,242,502)
insert into [order_item] (order_itemID,order_item_quantity,price,OID,PID)VALUES(708,10,455.00,244,530)
insert into [order_item] (order_itemID,order_item_quantity,price,OID,PID)VALUES(709,6,362.94,248,515)
insert into [order_item] (order_itemID,order_item_quantity,price,OID,PID)VALUES(710,2,2501.40,241,518)
insert into [order_item] (order_itemID,order_item_quantity,price,OID,PID)VALUES(711,15,372.00,250,527)
insert into [order_item] (order_itemID,order_item_quantity,price,OID,PID)VALUES(712,80,1984.00,224,534)
insert into [order_item] (order_itemID,order_item_quantity,price,OID,PID)VALUES(713,65,2294.00,226,540)
insert into [order_item] (order_itemID,order_item_quantity,price,OID,PID)VALUES(714,2,2501.40,241,518)
insert into [order_item] (order_itemID,order_item_quantity,price,OID,PID)VALUES(715,60,1518.00,210,520)
insert into [order_item] (order_itemID,order_item_quantity,price,OID,PID)VALUES(716,2,3000,208,509)
insert into [order_item] (order_itemID,order_item_quantity,price,OID,PID)VALUES(717,5,2552.00,215,510)
insert into [order_item] (order_itemID,order_item_quantity,price,OID,PID)VALUES(718,200,3010.00,204,541)
insert into [order_item] (order_itemID,order_item_quantity,price,OID,PID)VALUES(719,15,907.35,247,515)
insert into [order_item] (order_itemID,order_item_quantity,price,OID,PID)VALUES(720,10,455.00,202,531)
insert into [order_item] (order_itemID,order_item_quantity,price,OID,PID)VALUES(721,4,2801.60,210,521)
insert into [order_item] (order_itemID,order_item_quantity,price,OID,PID)VALUES(722,15,1500.00,214,538)
insert into [order_item] (order_itemID,order_item_quantity,price,OID,PID)VALUES(723,15,372.00,206,527)
insert into [order_item] (order_itemID,order_item_quantity,price,OID,PID)VALUES(724,18,446.4,242,505)
insert into [order_item] (order_itemID,order_item_quantity,price,OID,PID)VALUES(725,3,3752.10,234,518)
insert into [order_item] (order_itemID,order_item_quantity,price,OID,PID)VALUES(726,12,725.88,207,515)
insert into [order_item] (order_itemID,order_item_quantity,price,OID,PID)VALUES(727,32,1289.28,245,517)
insert into [order_item] (order_itemID,order_item_quantity,price,OID,PID)VALUES(728,110,1100.00,226,522)
insert into [order_item] (order_itemID,order_item_quantity,price,OID,PID)VALUES(729,18,1088.82,209,515)
insert into [order_item] (order_itemID,order_item_quantity,price,OID,PID)VALUES(730,100,4530.00,214,504)
insert into [order_item] (order_itemID,order_item_quantity,price,OID,PID)VALUES(731,5,3352.50,241,523)
insert into [order_item] (order_itemID,order_item_quantity,price,OID,PID)VALUES(732,70,1736.00,248,539)
insert into [order_item] (order_itemID,order_item_quantity,price,OID,PID)VALUES(733,20,1100.00,207,506)
insert into [order_item] (order_itemID,order_item_quantity,price,OID,PID)VALUES(734,5,602.40,207,507)
insert into [order_item] (order_itemID,order_item_quantity,price,OID,PID)VALUES(735,25,1512.25,230,515)
insert into [order_item] (order_itemID,order_item_quantity,price,OID,PID)VALUES(736,8,4083.20,210,510)
insert into [order_item] (order_itemID,order_item_quantity,price,OID,PID)VALUES(737,30,1359.00,207,504)
insert into [order_item] (order_itemID,order_item_quantity,price,OID,PID)VALUES(738,2,2501.4,226,518)
insert into [order_item] (order_itemID,order_item_quantity,price,OID,PID)VALUES(739,12,120,207,522)
insert into [order_item] (order_itemID,order_item_quantity,price,OID,PID)VALUES(740,8,10005.60,226,510)
insert into [order_item] (order_itemID,order_item_quantity,price,OID,PID)VALUES(741,60,1488.00,207,505)
insert into [order_item] (order_itemID,order_item_quantity,price,OID,PID)VALUES(742,1,1250.70,202,518)
insert into [order_item] (order_itemID,order_item_quantity,price,OID,PID)VALUES(743,5,6253.50,214,518)

select * from [order_item]

delete from [order_item]


-----------find the price for total order item--------
select product.price * order_item.order_item_quantity as price from product, order_item where product.PID = order_item.PID

-----------find the total amount of orders-----
select sum(oi.price) as total_amount,oi.OID from order_item as oi inner join product as p on oi.PID = P.PID group by oi.OID

-------------payment amount(including 10% tax)---------------
select total_amount+(total_amount * 0.1) as amount, OID from [order] 


----------------Average order value------------------------------------
SELECT avg(order_item.order_item_quantity * product.price) AS Average_order_value, order_item.OID FROM order_item
JOIN product ON order_item.PID= product.PID group by OID

------------PAYMENT---------------

insert into [payment] (paymentID,payment_date,amount,OID,CID)VALUES(001,'2020-01-15',NULL,201,108)
insert into [payment] (paymentID,payment_date,amount,OID,CID)VALUES(002,'2022-03-25',1876.270,202,109)
insert into [payment] (paymentID,payment_date,amount,OID,CID)VALUES(003,'2020-12-23',3311.000,204,110)
insert into [payment] (paymentID,payment_date,amount,OID,CID)VALUES(004,'2020-01-15',NULL,205,105)
insert into [payment] (paymentID,payment_date,amount,OID,CID)VALUES(005,'2020-03-22',409.200,206,103)
insert into [payment] (paymentID,payment_date,amount,OID,CID)VALUES(006,'2020-04-26',6902.808,207,104)
insert into [payment] (paymentID,payment_date,amount,OID,CID)VALUES(007,'2020-01-28',3300.000,208,107)
insert into [payment] (paymentID,payment_date,amount,OID,CID)VALUES(008,'2020-03-20',1197.702,209,114)
insert into [payment] (paymentID,payment_date,amount,OID,CID)VALUES(009,'2020-05-19',9243.080,210,108)
insert into [payment] (paymentID,payment_date,amount,OID,CID)VALUES(010,'2020-06-10',NULL,211,108)
insert into [payment] (paymentID,payment_date,amount,OID,CID)VALUES(011,'2020-07-23',NULL,212,107)
insert into [payment] (paymentID,payment_date,amount,OID,CID)VALUES(012,'2021-01-11',NULL,250,110)
insert into [payment] (paymentID,payment_date,amount,OID,CID)VALUES(013,'2020-08-08',13511.850,214,102)
insert into [payment] (paymentID,payment_date,amount,OID,CID)VALUES(014,'2020-08-10',2807.200,215,101)
insert into [payment] (paymentID,payment_date,amount,OID,CID)VALUES(015,'2020-03-20',NULL,206,103)
insert into [payment] (paymentID,payment_date,amount,OID,CID)VALUES(016,'2020-11-21',NULL,219,110)
insert into [payment] (paymentID,payment_date,amount,OID,CID)VALUES(017,'2020-12-21',NULL,220,108)
insert into [payment] (paymentID,payment_date,amount,OID,CID)VALUES(018,'2021-01-17',NULL,221,103)
insert into [payment] (paymentID,payment_date,amount,OID,CID)VALUES(019,'2020-05-17',2950.200,210,108)
insert into [payment] (paymentID,payment_date,amount,OID,CID)VALUES(020,'2021-11-28',2182.400,224,121)
insert into [payment] (paymentID,payment_date,amount,OID,CID)VALUES(021,'2021-03-21',NULL,225,125)
insert into [payment] (paymentID,payment_date,amount,OID,CID)VALUES(022,'2021-03-08',18036.700,226,125)
insert into [payment] (paymentID,payment_date,amount,OID,CID)VALUES(023,'2021-06-20',NULL,227,127)
insert into [payment] (paymentID,payment_date,amount,OID,CID)VALUES(024,'2020-03-20',1663.475,206,103)
insert into [payment] (paymentID,payment_date,amount,OID,CID)VALUES(025,'2021-06-20',NULL,231,131)
insert into [payment] (paymentID,payment_date,amount,OID,CID)VALUES(026,'2021-08-30',NULL,233,140)
insert into [payment] (paymentID,payment_date,amount,OID,CID)VALUES(027,'2021-09-28',4127.310,234,138)
insert into [payment] (paymentID,payment_date,amount,OID,CID)VALUES(028,'2021-10-31',NULL,235,135)
insert into [payment] (paymentID,payment_date,amount,OID,CID)VALUES(029,'2022-12-31',1650.000,237,108)
insert into [payment] (paymentID,payment_date,amount,OID,CID)VALUES(030,'2022-01-17',NULL,238,104)
insert into [payment] (paymentID,payment_date,amount,OID,CID)VALUES(031,'2021-02-17',NULL,239,102)
insert into [payment] (paymentID,payment_date,amount,OID,CID)VALUES(032,'2020-01-20',NULL,240,101)
insert into [payment] (paymentID,payment_date,amount,OID,CID)VALUES(033,'2022-04-30',9190.830,241,115)
insert into [payment] (paymentID,payment_date,amount,OID,CID)VALUES(034,'2022-05-28',1560.108,242,125)
insert into [payment] (paymentID,payment_date,amount,OID,CID)VALUES(035,'2022-06-18',NULL,243,130)
insert into [payment] (paymentID,payment_date,amount,OID,CID)VALUES(036,'2022-06-30',500.500,244,142)
insert into [payment] (paymentID,payment_date,amount,OID,CID)VALUES(037,'2020-05-19',1418.208,210,108)
insert into [payment] (paymentID,payment_date,amount,OID,CID)VALUES(038,'2022-08-11',NULL,246,108)
insert into [payment] (paymentID,payment_date,amount,OID,CID)VALUES(039,'2022-09-02',998.085,247,105)
insert into [payment] (paymentID,payment_date,amount,OID,CID)VALUES(040,'2022-10-23',3107.302,248,109)
insert into [payment] (paymentID,payment_date,amount,OID,CID)VALUES(041,'2022-10-22',NULL,249,110)
insert into [payment] (paymentID,payment_date,amount,OID,CID)VALUES(042,'2021-01-11',1904.100,250,110)
insert into [payment] (paymentID,payment_date,amount,OID,CID)VALUES(043,'2022-11-20',NULL,251,115)

select * from payment

delete from payment



